file_name;key_repr
xortool_out/000.out;b'\x00\x00\x00\x00'
xortool_out/001.out;b'\x01\x01\x01\x01'
xortool_out/002.out;b'\x02\x02\x02\x02'
xortool_out/003.out;b'\x03\x03\x03\x03'
xortool_out/004.out;b'\x04\x04\x04\x04'
xortool_out/005.out;b'\x05\x05\x05\x05'
xortool_out/006.out;b'\x06\x06\x06\x06'
xortool_out/007.out;b'\x07\x07\x07\x07'
xortool_out/008.out;b'\x08\x08\x08\x08'
xortool_out/009.out;b'\t\t\t\t'
xortool_out/010.out;b'\n\n\n\n'
xortool_out/011.out;b'\x0b\x0b\x0b\x0b'
xortool_out/012.out;b'\x0c\x0c\x0c\x0c'
xortool_out/013.out;b'\r\r\r\r'
xortool_out/014.out;b'\x0e\x0e\x0e\x0e'
xortool_out/015.out;b'\x0f\x0f\x0f\x0f'
xortool_out/016.out;b'\x10\x10\x10\x10'
xortool_out/017.out;b'\x11\x11\x11\x11'
xortool_out/018.out;b'\x12\x12\x12\x12'
xortool_out/019.out;b'\x13\x13\x13\x13'
xortool_out/020.out;b'\x14\x14\x14\x14'
xortool_out/021.out;b'\x15\x15\x15\x15'
xortool_out/022.out;b'\x16\x16\x16\x16'
xortool_out/023.out;b'\x17\x17\x17\x17'
xortool_out/024.out;b'\x18\x18\x18\x18'
xortool_out/025.out;b'\x19\x19\x19\x19'
xortool_out/026.out;b'\x1a\x1a\x1a\x1a'
xortool_out/027.out;b'\x1b\x1b\x1b\x1b'
xortool_out/028.out;b'\x1c\x1c\x1c\x1c'
xortool_out/029.out;b'\x1d\x1d\x1d\x1d'
xortool_out/030.out;b'\x1e\x1e\x1e\x1e'
xortool_out/031.out;b'\x1f\x1f\x1f\x1f'
xortool_out/032.out;b'    '
xortool_out/033.out;b'!!!!'
xortool_out/034.out;b'""""'
xortool_out/035.out;b'####'
xortool_out/036.out;b'$$$$'
xortool_out/037.out;b'%%%%'
xortool_out/038.out;b'&&&&'
xortool_out/039.out;b"''''"
xortool_out/040.out;b'(((('
xortool_out/041.out;b'))))'
xortool_out/042.out;b'****'
xortool_out/043.out;b'++++'
xortool_out/044.out;b',,,,'
xortool_out/045.out;b'----'
xortool_out/046.out;b'....'
xortool_out/047.out;b'////'
xortool_out/048.out;b'0000'
xortool_out/049.out;b'1111'
xortool_out/050.out;b'2222'
xortool_out/051.out;b'3333'
xortool_out/052.out;b'4444'
xortool_out/053.out;b'5555'
xortool_out/054.out;b'6666'
xortool_out/055.out;b'7777'
xortool_out/056.out;b'8888'
xortool_out/057.out;b'9999'
xortool_out/058.out;b'::::'
xortool_out/059.out;b';;;;'
xortool_out/060.out;b'<<<<'
xortool_out/061.out;b'===='
xortool_out/062.out;b'>>>>'
xortool_out/063.out;b'????'
xortool_out/064.out;b'@@@@'
xortool_out/065.out;b'AAAA'
xortool_out/066.out;b'BBBB'
xortool_out/067.out;b'CCCC'
xortool_out/068.out;b'DDDD'
xortool_out/069.out;b'EEEE'
xortool_out/070.out;b'FFFF'
xortool_out/071.out;b'GGGG'
xortool_out/072.out;b'HHHH'
xortool_out/073.out;b'IIII'
xortool_out/074.out;b'JJJJ'
xortool_out/075.out;b'KKKK'
xortool_out/076.out;b'LLLL'
xortool_out/077.out;b'MMMM'
xortool_out/078.out;b'NNNN'
